Compound,HMDB,KEGG,High.Confidence.Annotation,Compound.Name
"Cyclotrisiloxane, hexamethyl-",,,True,"Cyclotrisiloxane, hexamethyl-"
Benzaldehyde,HMDB0006115,C00261,True,Benzaldehyde
"Cyclopentasiloxane, decamethyl-",,,True,"Cyclopentasiloxane, decamethyl-"
Styrene,HMDB0034240,C19506,True,Styrene
Phenol,HMDB0000228,C15584,True,Phenol
n-Pentadecanol,HMDB0013299,,True,n-Pentadecanol
Toluene,HMDB0034168,C01455,True,Toluene
Indole,HMDB0000738,C00463,True,Indole
Carbon dioxide,HMDB0001967,C00011,True,Carbon dioxide
1-Hexadecanol,HMDB0003424,C00823,True,1-Hexadecanol
272_Xylene,,,True,272_Xylene
Methyl Alcohol,HMDB0001875,C00132,True,Methyl Alcohol
p-Cresol,HMDB0001858,C01468,True,p-Cresol
Phenylethyl Alcohol,HMDB0033944,C05853,True,Phenylethyl Alcohol
Ethanol,HMDB0000108,C00469,True,Ethanol
Benzene,HMDB0001505,C01407,True,Benzene
Ethylbenzene,HMDB0059905,C07111,True,Ethylbenzene
Butyric acid,HMDB0000039,C00246,True,Butyric acid
Acetone,HMDB0001659,C00207,True,Acetone
"1,2-Benzenedicarboxylic acid, bis(2-methylpropyl) ester",HMDB0013835,C15205,True,"1,2-Benzenedicarboxylic acid, bis(2-methylpropyl) ester"
Acetic acid,HMDB0000042,C00033,True,Acetic acid
"Disiloxane, hexamethyl-",HMDB0033532,,True,"Disiloxane, hexamethyl-"
Methyl acetate,HMDB0031523,C17530,True,Methyl acetate
Methyl butyrate,HMDB0033890,,True,Methyl butyrate
309_Xylene,,,True,309_Xylene
Ethyl Acetate,HMDB0031217,C00849,True,Ethyl Acetate
Propionic acid,HMDB0000237,C00163,True,Propionic acid
Hexadecanal,HMDB0001551,C00517,True,Hexadecanal
1-Octen-3-ol,HMDB0031299,C14272,True,1-Octen-3-ol
2-Nonanone,HMDB0031266,,True,2-Nonanone
Sulcatone,HMDB0035915,C07287,True,Sulcatone
269_Xylene,,,True,269_Xylene
2-Octanone,HMDB0031294,,True,2-Octanone
"Propanoic acid, 2-methyl-",HMDB0001873,,True,"Propanoic acid, 2-methyl-"
2-Butanone,HMDB0000474,C02845,True,2-Butanone
Methanethiol,HMDB0003227,C00409,True,Methanethiol
"Indolizine, 3-methyl-",,,True,"Indolizine, 3-methyl-"
Methyl valerate,HMDB0031207,,True,Methyl valerate
"Butanal, 3-methyl-",HMDB0006478,C07329,True,"Butanal, 3-methyl-"
2-Tridecanone,HMDB0034148,,True,2-Tridecanone
1-Propanol,HMDB0000820,C05979,True,1-Propanol
Methyl propionate,HMDB0030062,,True,Methyl propionate
Hexadecane,HMDB0033792,C14499,True,Hexadecane
1-Hexanol,HMDB0012971,C00854,True,1-Hexanol
"Phenol, 4-ethyl-",HMDB0029306,C13637,True,"Phenol, 4-ethyl-"
"1H-Pyrrole-2,5-dione, 3-ethyl-4-methyl-",,,True,"1H-Pyrrole-2,5-dione, 3-ethyl-4-methyl-"
(-)-Menthone,HMDB0035162,C00843,True,(-)-Menthone
Linalool,,,True,Linalool
Nonanal,HMDB0059835,,True,Nonanal
Cyclohexanecarboxylic acid,HMDB0031342,C09822,True,Cyclohexanecarboxylic acid
"Ethanone, 1-(2-aminophenyl)-",HMDB0032630,,True,"Ethanone, 1-(2-aminophenyl)-"
"Phthalic acid, hexyl tridec-2-yn-1-yl ester",,,True,"Phthalic acid, hexyl tridec-2-yn-1-yl ester"
1-Butanol,HMDB0004327,C06142,True,1-Butanol
2-Undecanone,HMDB0033713,C01875,True,2-Undecanone
"2(3H)-Furanone, 5-heptyldihydro-",HMDB0038311,,True,"2(3H)-Furanone, 5-heptyldihydro-"
Quinoline,HMDB0033731,C06413,True,Quinoline
"Cyclobutane, 1,2-diethenyl-3,4-dimethyl-",,,True,"Cyclobutane, 1,2-diethenyl-3,4-dimethyl-"
"Methylamine, N,N-dimethyl-",HMDB0000906,C00565,True,"Methylamine, N,N-dimethyl-"
"Octane, 2,4,6-trimethyl-",,,True,"Octane, 2,4,6-trimethyl-"
Camphene,HMDB0059839,C06076,True,Camphene
Heptanoic acid,HMDB0000666,C17714,True,Heptanoic acid
"(2E,4E)-3,7-Dimethylocta-2,4-diene",,,True,"(2E,4E)-3,7-Dimethylocta-2,4-diene"
o-Cymene,HMDB0037050,,True,o-Cymene
Hexanal,HMDB0005994,C02373,True,Hexanal
"5,9-Undecadien-2-one, 6,10-dimethyl-",HMDB0031846,C13297,True,"5,9-Undecadien-2-one, 6,10-dimethyl-"
Methyl salicylate,HMDB0034172,C12305,True,Methyl salicylate
Methyl hexadecanoic acid,HMDB0061859,C16995,True,Methyl hexadecanoic acid
Octadecane,HMDB0033721,,True,Octadecane
"Butanal, 2-methyl-",HMDB0031526,C02223,True,"Butanal, 2-methyl-"
Ethyl propionate,HMDB0030058,,True,Ethyl propionate
"Butanoic acid, 3-methyl-",HMDB0000718,C08262,True,"Butanoic acid, 3-methyl-"
"2,3-Pentanedione",HMDB0031598,,True,"2,3-Pentanedione"
1-Pentadecyne,,,True,1-Pentadecyne
"Decane, 2,4,6-trimethyl-",,,True,"Decane, 2,4,6-trimethyl-"
Dimethyl trisulfide,HMDB0013780,C08372,True,Dimethyl trisulfide
Isopentanol,HMDB0006007,C07328,True,Isopentanol
2-Pentadecanone,HMDB0031081,,True,2-Pentadecanone
Pentadecanal,HMDB0031078,C01948,True,Pentadecanal
"2,3-Butanedione",HMDB0003407,C00741,True,"2,3-Butanedione"
"(1R)-2,6,6-Trimethylbicyclo[3.1.1]hept-2-ene",HMDB0006525,C06306,True,"(1R)-2,6,6-Trimethylbicyclo[3.1.1]hept-2-ene"
"Furan, 2-pentyl-",HMDB0013824,,True,"Furan, 2-pentyl-"
2-Oxohexane,HMDB0005842,,True,2-Oxohexane
1-Nonanol,HMDB0031265,C14696,True,1-Nonanol
"2-Undecene, 9-methyl-, (E)-",,,True,"2-Undecene, 9-methyl-, (E)-"
"Butanoic acid, 2-methyl-",HMDB0002176,C18319,True,"Butanoic acid, 2-methyl-"
Anethole,HMDB0030837,C10428,True,Anethole
2-Tetradecanone,HMDB0030924,,True,2-Tetradecanone
Acetoin,HMDB0003243,C00466,True,Acetoin
"Benzeneacetic acid, methyl ester",,,True,"Benzeneacetic acid, methyl ester"
Pentadecane,HMDB0059886,C08388,True,Pentadecane
"Propanoic acid, propyl ester",HMDB0030059,,True,"Propanoic acid, propyl ester"
2-Methyl-3-heptanone,HMDB0032402,,True,2-Methyl-3-heptanone
"Di(1,2,5-oxadiazolo)[3,4-b:3,4-E]pyrazine, 4,8-diacetyl-",,,True,"Di(1,2,5-oxadiazolo)[3,4-b:3,4-E]pyrazine, 4,8-diacetyl-"
Linalyl acetate,HMDB0039522,C09863,True,Linalyl acetate
"Hexanoic acid, methyl ester",HMDB0035238,,True,"Hexanoic acid, methyl ester"
"Cyclohexanecarboxylic acid, methyl ester",HMDB0031343,,True,"Cyclohexanecarboxylic acid, methyl ester"
"Heptane, 2,2,4,6,6-pentamethyl-",,,True,"Heptane, 2,2,4,6,6-pentamethyl-"
"2-Bromomethyl-1,3-dioxolane",,,True,"2-Bromomethyl-1,3-dioxolane"
1-Heptadecyne,,,True,1-Heptadecyne
Hexanoic acid,HMDB0000535,C01585,True,Hexanoic acid
2-Nonanol,HMDB0033916,,True,2-Nonanol
Methyl 3-phenylpropanoate,HMDB0030060,,True,Methyl 3-phenylpropanoate
Carbon disulfide,HMDB0036574,C19033,True,Carbon disulfide
Dodecane,HMDB0031444,C08374,True,Dodecane
"Thiophene, 2-pentyl-",HMDB0040240,,True,"Thiophene, 2-pentyl-"
"Butanoic acid, propyl ester",HMDB0039618,,True,"Butanoic acid, propyl ester"
"2-Octenal, (E)-",HMDB0013809,C21138,True,"2-Octenal, (E)-"
Octanal,HMDB0001140,C01545,True,Octanal
Mequinol,HMDB0029696,,True,Mequinol
Tetradecanal,HMDB0034283,,True,Tetradecanal
2-Piperidinone,HMDB0011749,,True,2-Piperidinone
"2,4-Imidazolidinedione, 1-methyl-",HMDB0003646,C02565,True,"2,4-Imidazolidinedione, 1-methyl-"
"1-Propanol, 2-methyl-",HMDB0006006,C14710,True,"1-Propanol, 2-methyl-"
"1-Propanone, 1-cyclopropyl-",,,True,"1-Propanone, 1-cyclopropyl-"
973_unknown,,,True,973_unknown
1105_unknown,,,True,1105_unknown
"(S)-3,4-Dimethylpentanol",,,True,"(S)-3,4-Dimethylpentanol"
"5-Tetradecene, (E)-",,,True,"5-Tetradecene, (E)-"
Octadecanol,HMDB0002350,D01924,True,Octadecanol
"1,3-Cyclohexadiene, 5-(1,5-dimethyl-4-hexenyl)-2-methyl-, [S-(R*,S*)]-",,,True,"1,3-Cyclohexadiene, 5-(1,5-dimethyl-4-hexenyl)-2-methyl-, [S-(R*,S*)]-"
875_unknown,,,True,875_unknown
1-Tetradecanol,HMDB0011638,,True,1-Tetradecanol
"1-Heptanol, 3-methyl-",,,True,"1-Heptanol, 3-methyl-"
Benzyl methyl ketone,,C15512,True,Benzyl methyl ketone
Benzyl alcohol,HMDB0003119,C03485,True,Benzyl alcohol
Myrcene,HMDB0038169,C06074,True,Myrcene
"Butanoic acid, 3-methylbutyl ester",HMDB0040221,,True,"Butanoic acid, 3-methylbutyl ester"
Dimethyl sulfone,HMDB0004983,C11142,True,Dimethyl sulfone
882_unknown,,,True,882_unknown
"Oxime-, methoxy-phenyl-_",,,True,"Oxime-, methoxy-phenyl-_"
"Carbamic acid, (2,4-difluorophenyl)-, 5-methyl-2-(1-methylethyl)phenyl ester",,,True,"Carbamic acid, (2,4-difluorophenyl)-, 5-methyl-2-(1-methylethyl)phenyl ester"
Acetonitrile,HMDB0061869,,True,Acetonitrile
"Butanoic acid, butyl ester",HMDB0039620,,True,"Butanoic acid, butyl ester"
"Disulfide, methyl 2-propenyl",HMDB0041389,C08383,True,"Disulfide, methyl 2-propenyl"
"Dichloroacetic acid, 4-hexadecyl ester",,,True,"Dichloroacetic acid, 4-hexadecyl ester"
"Octane, 6-ethyl-2-methyl-",,,True,"Octane, 6-ethyl-2-methyl-"
"2-Heptenal, (Z)-",,,True,"2-Heptenal, (Z)-"
Phenylacetaldehyde,HMDB0006236,C00601,True,Phenylacetaldehyde
3-Phenylpropanol,HMDB0033962,,True,3-Phenylpropanol
E-2-Hexadecacen-1-ol,,,True,E-2-Hexadecacen-1-ol
2-Dodecanone,HMDB0031019,C14996,True,2-Dodecanone
1036_unknown,,,True,1036_unknown
319_unknown,,,True,319_unknown
"Cyclohexene, 3-(1,5-dimethyl-4-hexenyl)-6-methylene-, [S-(R*,S*)]-",HMDB0036163,C16776,True,"Cyclohexene, 3-(1,5-dimethyl-4-hexenyl)-6-methylene-, [S-(R*,S*)]-"
trans-Raphasatin,,,True,trans-Raphasatin
Hordenine,HMDB0004366,C06199,True,Hordenine
"Propanoic acid, butyl ester",HMDB0030052,,True,"Propanoic acid, butyl ester"
trans-2-Dodecen-1-ol,HMDB0303903,,True,trans-2-Dodecen-1-ol
Isopropyl Alcohol,HMDB0000863,C01845,True,Isopropyl Alcohol
Eucalyptol,HMDB0004472,C09844,True,Eucalyptol
1152_unknown,,,True,1152_unknown
Copaene,HMDB0061851,C09639,True,Copaene
"3,4-Dihydroxyphenylglycol",HMDB0000318,C05576,True,"3,4-Dihydroxyphenylglycol"
2-Methylpropyl butanoate,HMDB0034161,,True,2-Methylpropyl butanoate
679_unknown,,,True,679_unknown
Carbamic acid,HMDB0003551,C01563,True,Carbamic acid
(+)-2-Bornanone,HMDB0059838,,True,(+)-2-Bornanone
2-Heptanone,HMDB0003671,C08380,True,2-Heptanone
"Cyclohexene, 1-methyl-4-(1-methylethylidene)-",HMDB0036994,C06075,True,"Cyclohexene, 1-methyl-4-(1-methylethylidene)-"
Cyclohexanemethanol,,,True,Cyclohexanemethanol
"Propanoic acid, 2-methyl-, anhydride",HMDB0062788,,True,"Propanoic acid, 2-methyl-, anhydride"
"2-Propanol, 1-methoxy-",HMDB0243915,,True,"2-Propanol, 1-methoxy-"
13-Methyltetradecanal,,,True,13-Methyltetradecanal
"Ethanol, 2-ethoxy-",HMDB0031213,C14687,True,"Ethanol, 2-ethoxy-"
3-Pyridinecarbonitrile,,,True,3-Pyridinecarbonitrile
"Pivalic acid, 2-methylpropyl ester",,,True,"Pivalic acid, 2-methylpropyl ester"
"1-Butene, 4-isothiocyanato-",HMDB0033867,,True,"1-Butene, 4-isothiocyanato-"
"1-Pentene, 4,4-dimethyl-1,3-diphenyl-1-(trimethylsilyloxy)-",,,True,"1-Pentene, 4,4-dimethyl-1,3-diphenyl-1-(trimethylsilyloxy)-"
"2,5-Dihydroxybenzaldehyde, 2TMS derivative",,,True,"2,5-Dihydroxybenzaldehyde, 2TMS derivative"
"Ethane, 1-ethoxy-1-methoxy-",,,True,"Ethane, 1-ethoxy-1-methoxy-"
"2-Butanone, 3-methyl-",,,True,"2-Butanone, 3-methyl-"
Methyl isobutyrate,HMDB0031249,,True,Methyl isobutyrate
385_unknown,,,True,385_unknown
"2-Pentenoic acid, 4-hydroxy-",,,True,"2-Pentenoic acid, 4-hydroxy-"
"Cyclohexasiloxane, dodecamethyl-",,,True,"Cyclohexasiloxane, dodecamethyl-"
"Cyclohexanol, 4-ethenyl-4-methyl-3-(1-methylethenyl)-",,,True,"Cyclohexanol, 4-ethenyl-4-methyl-3-(1-methylethenyl)-"
"Benzene, 1-(chloromethyl)-3-methoxy-",,,True,"Benzene, 1-(chloromethyl)-3-methoxy-"
"Butanoic acid, 3-methyl-, propyl ester",HMDB0032047,,True,"Butanoic acid, 3-methyl-, propyl ester"
"Benzene, (2-isothiocyanatoethyl)-",HMDB0038445,,True,"Benzene, (2-isothiocyanatoethyl)-"
1-Hexadecyne,,,True,1-Hexadecyne
218_unknown,,,True,218_unknown
4-Acetoxy-3-methoxystyrene,,,True,4-Acetoxy-3-methoxystyrene
68_unknown,,,True,68_unknown
"R(-)3,7-Dimethyl-1,6-octadiene",,,True,"R(-)3,7-Dimethyl-1,6-octadiene"
"5-hydroxy-7-methoxyflavanone, tert.-butyldimethylsilyl ether",,,True,"5-hydroxy-7-methoxyflavanone, tert.-butyldimethylsilyl ether"
"Carbonic acid, prop-1-en-2-yl tetradecyl ester",,,True,"Carbonic acid, prop-1-en-2-yl tetradecyl ester"
"9-Tetradecenal, (Z)-",,,True,"9-Tetradecenal, (Z)-"
"Ethanol, 1-(2-butoxyethoxy)-",,,True,"Ethanol, 1-(2-butoxyethoxy)-"
"Benzaldehyde, 4-hydroxy-",HMDB0011718,C00633,True,"Benzaldehyde, 4-hydroxy-"
"Cyclopropane, 1-methyl-1-(1-methylethyl)-2-nonyl-",,,True,"Cyclopropane, 1-methyl-1-(1-methylethyl)-2-nonyl-"
Bis[bicyclo[3.2.0]hept-2-en-4-yl]ether,,,True,Bis[bicyclo[3.2.0]hept-2-en-4-yl]ether
"3-Hexanol, 2-methyl-",,,True,"3-Hexanol, 2-methyl-"
Ethyl methyl disulfide,HMDB0032912,,True,Ethyl methyl disulfide
Mesitylene,HMDB0041924,C14508,True,Mesitylene
5H-Tetrazol-5-amine,,,True,5H-Tetrazol-5-amine
677_unknown,,,True,677_unknown
 Propyl 2-methylpropanoate,HMDB0036209,,True, Propyl 2-methylpropanoate
"3-Pentanone, 2-methyl-",HMDB0005846,,True,"3-Pentanone, 2-methyl-"
"Cycloheptasiloxane, tetradecamethyl-",,,True,"Cycloheptasiloxane, tetradecamethyl-"
"Isophthalic acid, butyl tridec-2-ynyl ester",,,True,"Isophthalic acid, butyl tridec-2-ynyl ester"
"4-Methyl-2,4-bis(p-hydroxyphenyl)pent-1-ene, 2TMS derivative",,,True,"4-Methyl-2,4-bis(p-hydroxyphenyl)pent-1-ene, 2TMS derivative"
"2,2,4-Trimethyl-1,3-pentanediol diisobutyrate",HMDB0059777,,True,"2,2,4-Trimethyl-1,3-pentanediol diisobutyrate"
626_unknown,,,True,626_unknown
367_unknown,,,True,367_unknown
1-Tetradecene,HMDB0061834,,True,1-Tetradecene
Heptanal,HMDB0031475,C14390,True,Heptanal
2-Hexanol,HMDB0061886,,True,2-Hexanol
"1,4-Methano-1H-Cyclopropa[d]pyridazine, 4,4a,5,5a-tetrahydro-6,6-dimethyl-",,,True,"1,4-Methano-1H-Cyclopropa[d]pyridazine, 4,4a,5,5a-tetrahydro-6,6-dimethyl-"
"Hexanoic acid, butyl ester",HMDB0040211,,True,"Hexanoic acid, butyl ester"
Z-8-Hexadecene,,,True,Z-8-Hexadecene
Vinyl crotonate,,,True,Vinyl crotonate
2-Methyl-4-heptanone,HMDB0013821,,True,2-Methyl-4-heptanone
"Benzaldehyde, 3-bromo-5-methoxy-4-[(4-methylphenyl)methoxy]-",,,True,"Benzaldehyde, 3-bromo-5-methoxy-4-[(4-methylphenyl)methoxy]-"
"Cyclohexane, 1,1'-methylenebis-",,,True,"Cyclohexane, 1,1'-methylenebis-"
Octane,HMDB0001485,C01387,True,Octane
"2,4-Difluorobenzene, 1-benzyloxy-",,,True,"2,4-Difluorobenzene, 1-benzyloxy-"
2-Decanone,HMDB0031409,,True,2-Decanone
1-Cyclohexyldimethylsilyloxyoctadecane,,,True,1-Cyclohexyldimethylsilyloxyoctadecane
"1,7-Di(3-ethylphenyl)-2,2,4,4,6,6-hexamethyl-1,3,5,7-tetraoxa-2,4,6-trisilaheptane",,,True,"1,7-Di(3-ethylphenyl)-2,2,4,4,6,6-hexamethyl-1,3,5,7-tetraoxa-2,4,6-trisilaheptane"
"2,5-Dimethylpyrazine",HMDB0035289,,True,"2,5-Dimethylpyrazine"
4-Hydroxy-3-hexanone,,C02948,True,4-Hydroxy-3-hexanone
"Pentadecane, 2,6,10,14-tetramethyl-",HMDB0034497,,True,"Pentadecane, 2,6,10,14-tetramethyl-"
Heptacosane,HMDB0302068,,True,Heptacosane
Tetrahydropyran Z-10-dodecenoate,,,True,Tetrahydropyran Z-10-dodecenoate
166_unknown,,,True,166_unknown
Butyl 2-methylbutanoate,HMDB0039216,,True,Butyl 2-methylbutanoate
Terpinene,HMDB0005806,C09900,True,Terpinene
3-Pentanol,HMDB0303831,,True,3-Pentanol
"2-Hexene, 3,5,5-trimethyl-",HMDB0302638,,True,"2-Hexene, 3,5,5-trimethyl-"
"2-Hexadecene, 3,7,11,15-tetramethyl-, [R-[R*,R*-(E)]]-",,,True,"2-Hexadecene, 3,7,11,15-tetramethyl-, [R-[R*,R*-(E)]]-"
1037_unknown,,,True,1037_unknown
S-Methyl 3-methylbutanethioate,HMDB0039843,,True,S-Methyl 3-methylbutanethioate
"4-Octanone, 5-hydroxy-2,7-dimethyl-",,,True,"4-Octanone, 5-hydroxy-2,7-dimethyl-"
"Dichloroacetic acid, nonyl ester",,,True,"Dichloroacetic acid, nonyl ester"
1428_unknown,,,True,1428_unknown
"3,4-Hexanedione",HMDB0031492,,True,"3,4-Hexanedione"
384_unknown,,,True,384_unknown
"3(2H)-Thiophenone, dihydro-2-methyl-",HMDB0038556,,True,"3(2H)-Thiophenone, dihydro-2-methyl-"
"9-Octadecenoic acid, ethyl ester",HMDB0034451,,True,"9-Octadecenoic acid, ethyl ester"
"Butanoic acid, 3-methyl-, 3-methylbutyl ester",HMDB0030029,C12289,True,"Butanoic acid, 3-methyl-, 3-methylbutyl ester"
n-Hexane,HMDB0029600,C11271,True,n-Hexane
"Bicyclo[2.2.1]hept-2-ene, 2-[(2,4-dinitrophenyl)thio]-",,,True,"Bicyclo[2.2.1]hept-2-ene, 2-[(2,4-dinitrophenyl)thio]-"
Methanesulfonic anhydride,,,True,Methanesulfonic anhydride
"Acetic acid, hexyl ester",HMDB0029980,,True,"Acetic acid, hexyl ester"
"Pentanal, 2,4-dimethyl-",,,True,"Pentanal, 2,4-dimethyl-"
"Cyclohexene, 4-ethenyl-4-methyl-3-(1-methylethenyl)-1-(1-methylethyl)-, (3R-trans)-",,,True,"Cyclohexene, 4-ethenyl-4-methyl-3-(1-methylethenyl)-1-(1-methylethyl)-, (3R-trans)-"
"Naphthalene, 1,2,3,5,6,7,8,8a-octahydro-1,8a-dimethyl-7-(1-methylethenyl)-",,,True,"Naphthalene, 1,2,3,5,6,7,8,8a-octahydro-1,8a-dimethyl-7-(1-methylethenyl)-"
"2-Heptanone, 5-methyl-",,,True,"2-Heptanone, 5-methyl-"
"Z-1,6-Tridecadiene",,,True,"Z-1,6-Tridecadiene"
cis-9-Hexadecenal,,,True,cis-9-Hexadecenal
"Benzaldehyde, 4-(1-phenyl-2-propenyloxy)-",,,True,"Benzaldehyde, 4-(1-phenyl-2-propenyloxy)-"
"Cyclohexanecarboxylic acid, ethyl ester",HMDB0033167,,True,"Cyclohexanecarboxylic acid, ethyl ester"
Tributyl phosphate,HMDB0259164,C14439,True,Tributyl phosphate
7-epi-a-Eudesmol,,,True,7-epi-a-Eudesmol
"14-Octadecenoic acid, methyl ester",,,True,"14-Octadecenoic acid, methyl ester"
"4,5-Nonadiene",,,True,"4,5-Nonadiene"
978_unknown,,,True,978_unknown
"2-Octene, 2-methyl-6-methylene-",,,True,"2-Octene, 2-methyl-6-methylene-"
"Benzaldehyde, 3-chloro-5-methoxy-4-[(4-methylphenyl)methoxy]-",,,True,"Benzaldehyde, 3-chloro-5-methoxy-4-[(4-methylphenyl)methoxy]-"
"Benzene, 1-ethyl-4-methyl-",,,True,"Benzene, 1-ethyl-4-methyl-"
"Heptasiloxane, hexadecamethyl-",,,True,"Heptasiloxane, hexadecamethyl-"
(-)-Borneol,HMDB0034976,C01411,True,(-)-Borneol
"Bicyclo[4.1.0]heptane, 7-methylene-",,,True,"Bicyclo[4.1.0]heptane, 7-methylene-"
1228_unknown,,,True,1228_unknown
3-Octanol,HMDB0030070,C17144,True,3-Octanol
"Benzoic acid, 3,4-dichlorophenyl ester",,,True,"Benzoic acid, 3,4-dichlorophenyl ester"
"Decane, 2,2,3-trimethyl-",,,True,"Decane, 2,2,3-trimethyl-"
cis-11-Hexadecenal,HMDB0243751,,True,cis-11-Hexadecenal
"1,1-Dichloropentane",,,True,"1,1-Dichloropentane"
"1,4-p-Menthadien-7-al",HMDB0302599,,True,"1,4-p-Menthadien-7-al"
"Cyclopentanecarboxylic acid, 4-nitrophenyl ester",,,True,"Cyclopentanecarboxylic acid, 4-nitrophenyl ester"
Isobutyl isovalerate,HMDB0038040,,True,Isobutyl isovalerate
251_unknown,,,True,251_unknown
"Cyclohexanone, 2,2,6-trimethyl-",HMDB0033794,,True,"Cyclohexanone, 2,2,6-trimethyl-"
1-Decanol,HMDB0011624,C01633,True,1-Decanol
Methyl tetradecanoate,HMDB0030469,,True,Methyl tetradecanoate
