Compound,KEGG,HMDB,High.Confidence.Annotation,Compound.Name
C03173_(Methylthio)acetate,C03173,HMDB0035646,True,(Methylthio)acetate
C03969_1-Amino-1-cyclopentanecarboxylate,C03969,HMDB0062225,True,1-Amino-1-cyclopentanecarboxylate
C01234_1-Aminocyclopropane-1-carboxylate,C01234,HMDB0036458,True,1-Aminocyclopropane-1-carboxylate
C03782_1-Aminoethylphosphonate,C03782,,True,1-Aminoethylphosphonate
C11118_1-Methyl-2-pyrrolidinone,C11118,HMDB0002039,True,1-Methyl-2-pyrrolidinone
C02494_1-Methyladenosine,C02494,HMDB0003331,True,1-Methyladenosine
C05127_1-Methylhistamine,C05127,HMDB0000898,True,1-Methylhistamine
C02918_1-Methylnicotinamide,C02918,HMDB0000699,True,1-Methylnicotinamide
"C00986_1,3-Diaminopropane",C00986,HMDB0000002,True,"1,3-Diaminopropane"
C02774_10-Hydroxydecanoate,C02774,,True,10-Hydroxydecanoate
C00881_2'-Deoxycytidine,C00881,HMDB0000014,True,2'-Deoxycytidine
C00330_2'-Deoxyguanosine,C00330,HMDB0000085,True,2'-Deoxyguanosine
C05512_2'-Deoxyinosine,C05512,HMDB0000071,True,2'-Deoxyinosine
"C02354_2',3'-cCMP",C02354,HMDB0011691,True,"2',3'-cCMP"
C05672_2-Amino-3-phosphonopropionate,C05672,HMDB0000370,True,2-Amino-3-phosphonopropionate
C10901_2-Aminobenzimidazole,C10901,,True,2-Aminobenzimidazole
C03557_2-Aminoethylphosphonate,C03557,HMDB0011747,True,2-Aminoethylphosphonate
C01987_2-Aminophenol,C01987,METPA0236,True,2-Aminophenol
C06369_2-Deoxyglucose 6-phosphate,C06369,,True,2-Deoxyglucose 6-phosphate
C00672_2-Deoxyribose 1-phosphate,C00672,HMDB0001351,True,2-Deoxyribose 1-phosphate
C02627_2-Deoxystreptamine,C02627,,True,2-Deoxystreptamine
C01546_2-Furoate,C01546,HMDB0000617,True,2-Furoate
C10898_2-Guanidinobenzimidazole,C10898,,True,2-Guanidinobenzimidazole
C03264_2-Hydroxy-4-methylpentanoate,C03264,HMDB0000665,True,2-Hydroxy-4-methylpentanoate
C05984_2-Hydroxybutyrate,C05984,HMDB0000008,True,2-Hydroxybutyrate
C02630_2-Hydroxyglutarate,C02630,HMDB0059655,True,2-Hydroxyglutarate
-_2-Hydroxyisobutyrate,,HMDB0000729,True,2-Hydroxyisobutyrate
-_2-Hydroxyoctanoate,,HMDB0000711,True,2-Hydroxyoctanoate
-_2-Hydroxypentanoate,,HMDB0001863,True,2-Hydroxypentanoate
C05852_2-Hydroxyphenylacetate,C05852,HMDB0000669,True,2-Hydroxyphenylacetate
C02504_2-Isopropylmalate,C02504,HMDB0000402,True,2-Isopropylmalate
C00322_2-Oxoadipate,C00322,HMDB0000225,True,2-Oxoadipate
C00109_2-Oxobutyrate,C00109,HMDB0000005,True,2-Oxobutyrate
C00026_2-Oxoglutarate,C00026,HMDB0000208,True,2-Oxoglutarate
C00141_2-Oxoisopentanoate,C00141,HMDB0000019,True,2-Oxoisopentanoate
-_2-Oxooctanoate,,HMDB0013211,True,2-Oxooctanoate
C06325_2-Quinolinecarboxylate,C06325,HMDB0000842,True,2-Quinolinecarboxylate
C02595_2-Thiopheneacetate,C02595,HMDB0029718,True,2-Thiopheneacetate
"C06393_2,3-Diaminopropionate",C06393,HMDB0002006,False,"2,3-Diaminopropionate"
"C01159_2,3-DPG",C01159,HMDB0001294,True,"2,3-DPG"
"C03722_2,3-Pyridinedicarboxylate",C03722,HMDB0000232,True,"2,3-Pyridinedicarboxylate"
"C03283_2,4-Diaminobutyrate",C03283,HMDB0002362,True,"2,4-Diaminobutyrate"
"C03030_2,4-Dihydroxypyrimidine-5-carboxylate",C03030,,True,"2,4-Dihydroxypyrimidine-5-carboxylate"
"C11003_2,4-Dimethylaniline",C11003,,True,"2,4-Dimethylaniline"
"C00628_2,5-Dihydroxybenzoate",C00628,HMDB0000152,True,"2,5-Dihydroxybenzoate"
C02356_2AB,C02356,HMDB0000452,True,2AB
C00631_2PG,C00631,HMDB0003391,True,2PG
C01367_3'-AMP,C01367,HMDB0003540,True,3'-AMP
"C00968_3',5'-Cyclic dAMP",C00968,,True,"3',5'-Cyclic dAMP"
C01198_3-(2-Hydroxyphenyl)propionate,C01198,HMDB0033752,True,3-(2-Hydroxyphenyl)propionate
C01744_3-(4-Hydroxyphenyl)propionate,C01744,HMDB0002199,True,3-(4-Hydroxyphenyl)propionate
C07091_3-Acetylacrylate,C07091,HMDB0060461,True,3-Acetylacrylate
C05145_3-Aminoisobutyrate,C05145,HMDB0003911,True,3-Aminoisobutyrate
"C06057_3-Aminopropane-1,2-diol",C06057,,True,"3-Aminopropane-1,2-diol"
C05670_3-Aminopropionitrile,C05670,HMDB0004101,True,3-Aminopropionitrile
_3-Aminopyrrolidine,,,True,3-Aminopyrrolidine
C02635_3-Chloroalanine,C02635,,True,3-Chloroalanine
C03761_3-Hydroxy-3-methylglutarate,C03761,HMDB0000355,True,3-Hydroxy-3-methylglutarate
C00632_3-Hydroxyanthranilate,C00632,HMDB0001476,True,3-Hydroxyanthranilate
C01089_3-Hydroxybutyrate,C01089,HMDB0000357,True,3-Hydroxybutyrate
C02794_3-Hydroxykynurenine,C02794,HMDB0000732,True,3-Hydroxykynurenine
C01013_3-Hydroxypropionate,C01013,HMDB0000700,True,3-Hydroxypropionate
C11284_3-Indolebutyrate,C11284,HMDB0002096,True,3-Indolebutyrate
-_3-Indoxyl sulfate,,HMDB0000682,True,3-Indoxyl sulfate
C02515_3-Iodotyrosine,C02515,HMDB0000021,True,3-Iodotyrosine
C05587_3-Methoxytyramine,C05587,HMDB0000022,True,3-Methoxytyramine
C00913_3-Methyladenine,C00913,HMDB0011600,True,3-Methyladenine
C08262_3-Methylbutanoate,C08262,HMDB0000718,True,3-Methylbutanoate
C02230_3-Methylguanine,C02230,HMDB0001566,True,3-Methylguanine
C01152_3-Methylhistidine,C01152,HMDB0000479,True,3-Methylhistidine
C05607_3-Phenyllactate,C05607,HMDB0000779,False,3-Phenyllactate
C05629_3-Phenylpropionate,C05629,HMDB0000764,True,3-Phenylpropionate
C02642_3-Ureidopropionate,C02642,HMDB0000026,True,3-Ureidopropionate
"C02465_3,3',5-Triiodothyronine",C02465,HMDB0000265,True,"3,3',5-Triiodothyronine"
"C01060_3,5-Diiodo-tyrosine",C01060,,True,"3,5-Diiodo-tyrosine"
C00197_3PG,C00197,HMDB0000807,False,3PG
C05135_4-(beta-Acetylaminoethyl)imidazole,C05135,HMDB0013253,True,4-(beta-Acetylaminoethyl)imidazole
C02129_4-Acetylbutyrate,C02129,HMDB0061881,True,4-Acetylbutyrate
C03678_4-Amino-3-hydroxybutyrate,C03678,HMDB0061877,True,4-Amino-3-hydroxybutyrate
C02518_4-Aminosalicylate,C02518,HMDB0014378,True,4-Aminosalicylate
C05584_4-Hydroxy-3-methoxymandelate,C05584,HMDB0000291,True,4-Hydroxy-3-methoxymandelate
C11527_4-Hydroxymandelate,C11527,HMDB0000822,True,4-Hydroxymandelate
C05562_4-Hydroxymethylimidazole,C05562,,True,4-Hydroxymethylimidazole
C00233_4-Methyl-2-oxopentanoate,C00233,HMDB0000695,True,4-Methyl-2-oxopentanoate
C04294_4-Methyl-5-thiazoleethanol,C04294,HMDB0032985,True,4-Methyl-5-thiazoleethanol
C01180_4-Methylthio-2-oxobutyrate,C01180,HMDB0001553,True,4-Methylthio-2-oxobutyrate
-_4-Oxohexanoate,,,True,4-Oxohexanoate
-_4-Oxopentanoate,,HMDB0000720,True,4-Oxopentanoate
C00847_4-Pyridoxate,C00847,HMDB0000017,True,4-Pyridoxate
C05198_5'-Deoxyadenosine,C05198,HMDB0001983,True,5'-Deoxyadenosine
C00430_5-Aminolevulinate,C00430,HMDB0001149,True,5-Aminolevulinate
C00431_5-Aminovalerate,C00431,HMDB0003355,True,5-Aminovalerate
C05635_5-Hydroxyindoleacetate,C05635,HMDB0000763,True,5-Hydroxyindoleacetate
C16741_5-Hydroxylysine,C16741,HMDB0000450,True,5-Hydroxylysine
C00643_5-Hydroxytryptophan,C00643,HMDB0000472,True,5-Hydroxytryptophan
"C08309_5-Methoxy-N,N-dimethyltryptamine",C08309,HMDB0002004,True,"5-Methoxy-N,N-dimethyltryptamine"
C05660_5-Methoxyindoleacetate,C05660,HMDB0004096,True,5-Methoxyindoleacetate
C05659_5-Methoxytryptamine,C05659,HMDB0004095,True,5-Methoxytryptamine
C03592_5-Methyl-2'-deoxycytidine,C03592,HMDB0002224,True,5-Methyl-2'-deoxycytidine
C02376_5-Methylcytosine,C02376,HMDB0002894,True,5-Methylcytosine
C00440_5-Methyltetrahydrofolate,C00440,HMDB0001396,True,5-Methyltetrahydrofolate
C00170_5-Methylthioadenosine,C00170,HMDB0001173,True,5-Methylthioadenosine
C01879_5-Oxoproline,C01879,HMDB0000267,True,5-Oxoproline
"C03114_5,6-Dimethylbenzimidazole",C03114,HMDB0003701,True,"5,6-Dimethylbenzimidazole"
C02378_6-Aminohexanoate,C02378,HMDB0001901,True,6-Aminohexanoate
C06103_6-Hydroxyhexanoate,C06103,HMDB0012843,True,6-Hydroxyhexanoate
C01020_6-Hydroxynicotinate,C01020,HMDB0002658,True,6-Hydroxynicotinate
C08434_6-Methylaminopurine,C08434,HMDB0002099,True,6-Methylaminopurine
C00345_6-Phosphogluconate,C00345,HMDB0001316,True,6-Phosphogluconate
C02242_7-Methylguanine,C02242,HMDB0000897,True,7-Methylguanine
"C02953_7,8-Dihydrobiopterin",C02953,HMDB0000038,True,"7,8-Dihydrobiopterin"
"C04874_7,8-Dihydroneopterin",C04874,HMDB0002275,True,"7,8-Dihydroneopterin"
C00024_Acetyl CoA,C00024,HMDB0001206,True,Acetyl CoA
C01996_Acetylcholine,C01996,HMDB0000895,True,Acetylcholine
C00147_Adenine,C00147,HMDB0000034,True,Adenine
C00212_Adenosine,C00212,HMDB0000050,True,Adenosine
"C00054_Adenosine 3',5'-diphosphate",C00054,HMDB0000061,True,"Adenosine 3',5'-diphosphate"
C00224_Adenosine 5'-phosphosulfate,C00224,HMDB0001003,True,Adenosine 5'-phosphosulfate
C03794_Adenylosuccinate,C03794,HMDB0000536,True,Adenylosuccinate
C06104_Adipate,C06104,HMDB0000448,True,Adipate
C03626_ADMA,C03626,HMDB0001539,True,ADMA
C00008_ADP,C00008,HMDB0001341,True,ADP
C00498_ADP-glucose,C00498,HMDB0006557,True,ADP-glucose
C00301_ADP-ribose,C00301,HMDB0001178,True,ADP-ribose
C00179_Agmatine,C00179,HMDB0001432,True,Agmatine
C04677_AICAR,C04677,HMDB0001517,True,AICAR
C00041_Ala,C00041,HMDB0000161,True,Ala
C00993_Ala-Ala,C00993,HMDB0003459,True,Ala-Ala
C00499_Allantoate,C00499,HMDB0001209,True,Allantoate
C01551_Allantoin,C01551,HMDB0000462,True,Allantoin
C08265_Alliin,C08265,HMDB0029441,False,Alliin
C00956_alpha-Aminoadipate,C00956,HMDB0000510,True,alpha-Aminoadipate
C02455_alpha-Methylbenzylamine,C02455,HMDB0002017,True,alpha-Methylbenzylamine
C02115_Alpha-Methylserine,C02115,,True,Alpha-Methylserine
C06818_Amantadine,C06818,HMDB0015051,True,Amantadine
C00020_AMP,C00020,HMDB0000045,True,AMP
C00292_Aniline,C00292,HMDB0003012,True,Aniline
C01262_Anserine,C01262,HMDB0000194,True,Anserine
C00108_Anthranilate,C00108,HMDB0001123,True,Anthranilate
C00062_Arg,C00062,HMDB0000517,True,Arg
C01404_Arginine ethyl ester,C01404,,True,Arginine ethyl ester
C03406_Argininosuccinate,C03406,HMDB0000052,True,Argininosuccinate
C00152_Asn,C00152,HMDB0000168,True,Asn
C00049_Asp,C00049,HMDB0000191,True,Asp
C00002_ATP,C00002,HMDB0000538,True,ATP
C08261_Azelate,C08261,HMDB0000784,True,Azelate
C00813_Barbiturate,C00813,HMDB0041833,True,Barbiturate
C09815_Benzamide,C09815,HMDB0004461,True,Benzamide
C01784_Benzamidine,C01784,,True,Benzamidine
C02009_Benzimidazole,C02009,,True,Benzimidazole
C00180_Benzoate,C00180,HMDB0013677,True,Benzoate
C02137_Benzoylformate,C02137,HMDB0001587,True,Benzoylformate
C09816_Benzylsuccinate,C09816,HMDB0142179,True,Benzylsuccinate
C00099_beta-Ala,C00099,HMDB0000056,True,beta-Ala
C05341_beta-Ala-Lys,C05341,HMDB0060442,True,beta-Ala-Lys
C02512_beta-Cyanoalanine,C02512,,True,beta-Cyanoalanine
C05568_beta-Imidazolelactate,C05568,,True,beta-Imidazolelactate
C02486_beta-Leucine,C02486,HMDB0003640,True,beta-Leucine
C00719_Betaine,C00719,HMDB0000043,True,Betaine
C00576_Betaine aldehyde,C00576,HMDB0001252,True,Betaine aldehyde
C08269_Betonicine,C08269,HMDB0029412,True,Betonicine
C00120_Biotin,C00120,HMDB0000030,True,Biotin
C03375_Bis(3-aminopropyl)amine,C03375,HMDB0011634,True,Bis(3-aminopropyl)amine
C00246_Butyrate,C00246,HMDB0000039,True,Butyrate
C01672_Cadaverine,C01672,HMDB0002322,True,Cadaverine
C00575_cAMP,C00575,HMDB0000058,True,cAMP
C00308_Canavanine,C00308,HMDB0002706,True,Canavanine
C00438_Carbamoylaspartate,C00438,HMDB0000828,True,Carbamoylaspartate
C00169_Carbamoylphosphate,C00169,HMDB0001096,True,Carbamoylphosphate
C00318_Carnitine,C00318,HMDB0000062,True,Carnitine
C00386_Carnosine,C00386,HMDB0000033,True,Carnosine
C02256_Castanospermine,C02256,,True,Castanospermine
C00112_CDP,C00112,HMDB0001546,True,CDP
C00307_CDP-choline,C00307,HMDB0001413,True,CDP-choline
C00942_cGMP,C00942,HMDB0001314,True,cGMP
C00695_Cholate,C00695,HMDB0000619,True,Cholate
C00114_Choline,C00114,HMDB0000097,True,Choline
C00943_cIMP,C00943,,True,cIMP
C00417_cis-Aconitate,C00417,HMDB0000072,True,cis-Aconitate
C02226_Citraconate,C02226,HMDB0000634,True,Citraconate
C02614_Citramalate,C02614,HMDB0000426,False,Citramalate
C00158_Citrate,C00158,HMDB0000094,True,Citrate
C00327_Citrulline,C00327,HMDB0000904,True,Citrulline
C00055_CMP,C00055,HMDB0000095,True,CMP
C00128_CMP-N-acetylneuraminate,C00128,HMDB0001176,True,CMP-N-acetylneuraminate
C00010_CoA,C00010,HMDB0001423,True,CoA
C00300_Creatine,C00300,HMDB0000064,True,Creatine
C00791_Creatinine,C00791,HMDB0000562,True,Creatinine
C01771_Crotonate,C01771,HMDB0010720,True,Crotonate
C00063_CTP,C00063,HMDB0000082,True,CTP
C02823_Cyanocobalamin,C02823,HMDB0000607,True,Cyanocobalamin
C00571_Cyclohexylamine,C00571,HMDB0031404,True,Cyclohexylamine
C00097_Cys,C00097,HMDB0000574,True,Cys
C01419_Cys-Gly,C01419,HMDB0000078,True,Cys-Gly
C02291_Cystathionine,C02291,HMDB0000099,True,Cystathionine
C01678_Cysteamine,C01678,HMDB0002991,True,Cysteamine
C00506_Cysteate,C00506,HMDB0002757,True,Cysteate
-_Cysteine-glutathione disulphide,,,True,Cysteine-glutathione disulphide
-_Cysteine-glutathione disulphide -Divalent,,,True,Cysteine-glutathione disulphide -Divalent
C05824_Cysteine S-sulfate,C05824,HMDB0000731,True,Cysteine S-sulfate
C00606_Cysteine sulfinate,C00606,HMDB0000996,True,Cysteine sulfinate
C00491_Cystine,C00491,HMDB0000192,True,Cystine
C00475_Cytidine,C00475,HMDB0000089,True,Cytidine
C00380_Cytosine,C00380,HMDB0000630,True,Cytosine
C00206_dADP,C00206,HMDB0001508,True,dADP
C00360_dAMP,C00360,HMDB0000905,True,dAMP
C00131_dATP,C00131,HMDB0001532,True,dATP
C04483_DCA,C04483,HMDB0000626,True,DCA
C00705_dCDP,C00705,HMDB0001245,True,dCDP
C00239_dCMP,C00239,HMDB0001202,True,dCMP
C00458_dCTP,C00458,HMDB0000998,True,dCTP
C00857_Deamido-NAD+,C00857,HMDB0001179,True,Deamido-NAD+
C01571_Decanoate,C01571,HMDB0000511,True,Decanoate
C01909_Desthiobiotin,C01909,HMDB0003581,True,Desthiobiotin
C00286_dGTP,C00286,HMDB0001440,True,dGTP
C00111_DHAP,C00111,HMDB0001473,True,DHAP
_Diazoxide,C06949,HMDB0015251,True,Diazoxide
C06772_Diethanolamine,C06772,HMDB0004437,True,Diethanolamine
_Diethyl-2-phenylacetamide,,,True,Diethyl-2-phenylacetamide
C02273_Digalacturonate,C02273,HMDB0039721,True,Digalacturonate
C00337_Dihydroorotate,C00337,HMDB0000528,True,Dihydroorotate
C00429_Dihydrouracil,C00429,HMDB0000076,True,Dihydrouracil
C11016_Diphenylamine,C11016,HMDB0032562,True,Diphenylamine
C01345_dITP,C01345,HMDB0003537,True,dITP
C02678_Dodecanedioate,C02678,HMDB0000623,True,Dodecanedioate
C02679_Dodecanoate,C02679,HMDB0000638,True,Dodecanoate
C00355_DOPA,C00355,HMDB0000609,True,DOPA
C03758_Dopamine,C03758,HMDB0000073,True,Dopamine
C00363_dTDP,C00363,HMDB0001274,True,dTDP
C00364_dTMP,C00364,HMDB0001227,True,dTMP
C00459_dTTP,C00459,HMDB0001342,True,dTTP
C01346_dUDP,C01346,HMDB0001000,True,dUDP
C00365_dUMP,C00365,HMDB0001409,True,dUMP
C00460_dUTP,C00460,HMDB0001191,True,dUTP
C06231_Ectoine,C06231,METPA0797,True,Ectoine
C00788_Epinephrine,C00788,HMDB0000068,True,Epinephrine
C00346_Ethanolamine phosphate,C00346,HMDB0000224,True,Ethanolamine phosphate
"C00354_F1,6P",C00354,HMDB0001058,True,"F1,6P"
C00085_F6P,C00085,HMDB0000124,True,F6P
C00016_FAD,C00016,HMDB0001248,True,FAD
C00504_Folate,C00504,HMDB0000121,True,Folate
C00122_Fumarate,C00122,HMDB0000134,True,Fumarate
C00103_G1P,C00103,HMDB0001586,True,G1P
C00661_G3P,C00661,HMDB0000807,False,G3P
C00092_G6P,C00092,HMDB0001401,True,G6P
C00334_GABA,C00334,HMDB0000112,True,GABA
C04037_Galacturonate 1-phosphate,C04037,,True,Galacturonate 1-phosphate
C01181_gamma-Butyrobetaine,C01181,HMDB0001161,True,gamma-Butyrobetaine
-_gamma-Glu-2AB,,,True,gamma-Glu-2AB
C00669_gamma-Glu-cys,C00669,HMDB0001049,True,gamma-Glu-cys
C01035_gamma-Guanidinobutyrate,C01035,HMDB0003464,True,gamma-Guanidinobutyrate
C00035_GDP,C00035,HMDB0001201,True,GDP
C00096_GDP-mannose,C00096,HMDB0062759,False,GDP-mannose
C00064_Gln,C00064,HMDB0000641,True,Gln
C00025_Glu,C00025,HMDB0000148,True,Glu
C01425_Glu-Glu,C01425,HMDB0028818,True,Glu-Glu
C00257_Gluconate,C00257,HMDB0000625,True,Gluconate
C03752_Glucosaminate,C03752,METPA0433,True,Glucosaminate
C00329_Glucosamine,C00329,HMDB0001514,True,Glucosamine
C00352_Glucosamine 6-phosphate,C00352,HMDB0001254,True,Glucosamine 6-phosphate
C00191_Glucuronate,C00191,HMDB0000127,True,Glucuronate
C00489_Glutarate,C00489,HMDB0000661,True,Glutarate
C00127_Glutathione(ox),C00127,HMDB0003337,True,Glutathione(ox)
C00051_Glutathione(red),C00051,HMDB0000125,True,Glutathione(red)
C00037_Gly,C00037,HMDB0000123,True,Gly
C02037_Gly-Gly,C02037,HMDB0011733,True,Gly-Gly
C02155_Gly-Leu,C02155,HMDB0000759,True,Gly-Leu
C00258_Glycerate,C00258,HMDB0000139,True,Glycerate
C00116_Glycerol,C00116,HMDB0000131,True,Glycerol
C00093_Glycerophosphate,C00093,HMDB0000126,True,Glycerophosphate
C00670_Glycerophosphorylcholine,C00670,HMDB0000086,True,Glycerophosphorylcholine
C01921_Glycocholate,C01921,HMDB0000138,True,Glycocholate
C00160_Glycolate,C00160,,True,Glycolate
C00048_Glyoxylate,C00048,HMDB0000119,True,Glyoxylate
C00144_GMP,C00144,HMDB0001397,True,GMP
C08304_Gramine,C08304,HMDB0035762,True,Gramine
C00044_GTP,C00044,HMDB0001273,True,GTP
C00581_Guanidinoacetate,C00581,HMDB0000128,True,Guanidinoacetate
C03139_Guanidinosuccinate,C03139,HMDB0003157,True,Guanidinosuccinate
C00242_Guanine,C00242,HMDB0000132,True,Guanine
C00387_Guanosine,C00387,HMDB0000133,True,Guanosine
C09209_Harman,C09209,HMDB0035196,True,Harman
C17714_Heptanoate,C17714,HMDB0000666,True,Heptanoate
C01585_Hexanoate,C01585,HMDB0000535,True,Hexanoate
C08306_Hexylamine,C08306,HMDB0032323,True,Hexylamine
C01586_Hippurate,C01586,HMDB0000714,True,Hippurate
C00135_His,C00135,HMDB0000177,True,His
C00388_Histamine,C00388,HMDB0000870,True,Histamine
C00860_Histidinol,C00860,HMDB0003431,True,Histidinol
C00884_Homocarnosine,C00884,HMDB0000745,True,Homocarnosine
C00155_Homocysteine,C00155,,True,Homocysteine
C01817_Homocystine,C01817,HMDB0000575,True,Homocystine
C00263_Homoserine,C00263,HMDB0000719,True,Homoserine
C05582_Homovanillate,C05582,HMDB0000118,True,Homovanillate
C01015_Hydroxyproline,C01015,HMDB0240251,True,Hydroxyproline
C07044_Hydroxyurea,C07044,HMDB0015140,True,Hydroxyurea
C00519_Hypotaurine,C00519,HMDB0000965,True,Hypotaurine
C00262_Hypoxanthine,C00262,HMDB0000157,True,Hypoxanthine
C10600_Ibotenate,C10600,,True,Ibotenate
C00104_IDP,C00104,HMDB0003335,True,IDP
C00407_Ile,C00407,HMDB0000172,True,Ile
C02835_Imidazole-4-acetate,C02835,HMDB0002024,True,Imidazole-4-acetate
C00130_IMP,C00130,HMDB0015536,False,IMP
C00637_Indole-3-acetaldehyde,C00637,HMDB0001190,True,Indole-3-acetaldehyde
C02693_Indole-3-acetamide,C02693,HMDB0029739,True,Indole-3-acetamide
C00954_Indole-3-acetate,C00954,HMDB0000197,True,Indole-3-acetate
C00955_Indole-3-ethanol,C00955,HMDB0003447,True,Indole-3-ethanol
C02043_Indolelactate,C02043,HMDB0000671,True,Indolelactate
C00294_Inosine,C00294,HMDB0000195,True,Inosine
C05123_Isethionate,C05123,HMDB0003903,True,Isethionate
C02640_Isoamylamine,C02640,HMDB0031659,True,Isoamylamine
C02787_Isobutylamine,C02787,HMDB0034198,True,Isobutylamine
C00630_Isobutyryl CoA,C00630,HMDB0001243,True,Isobutyryl CoA
C00311_Isocitrate,C00311,HMDB0000193,True,Isocitrate
C02421_Isonicotinamide,C02421,,True,Isonicotinamide
C05771_Isopropanolamine,C05771,HMDB0012136,True,Isopropanolamine
C00490_Itaconate,C00490,HMDB0002092,True,Itaconate
C00081_ITP,C00081,HMDB0000189,True,ITP
C00328_Kynurenine,C00328,HMDB0000684,True,Kynurenine
C00186_Lactate,C00186,HMDB0000190,True,Lactate
C00123_Leu,C00123,HMDB0000687,True,Leu
C11331_Leu-Leu-Tyr,C11331,,True,Leu-Leu-Tyr
C00047_Lys,C00047,HMDB0000182,True,Lys
C01930_Lysinamide,C01930,,True,Lysinamide
C00587_m-Hydroxybenzoate,C00587,HMDB0002466,True,m-Hydroxybenzoate
C00711_Malate,C00711,HMDB0000156,False,Malate
C00383_Malonate,C00383,,True,Malonate
C00083_Malonyl CoA,C00083,HMDB0001175,False,Malonyl CoA
C03570_Mannosamine,C03570,,True,Mannosamine
C08737_Melamine,C08737,HMDB0041922,True,Melamine
C01598_Melatonin,C01598,HMDB0001389,True,Melatonin
C00073_Met,C00073,HMDB0000696,True,Met
C07151_Metformin,C07151,HMDB0001921,True,Metformin
C11145_Methanesulfonate,C11145,HMDB0240280,True,Methanesulfonate
C02989_Methionine sulfoxide,C02989,HMDB0002005,True,Methionine sulfoxide
C03510_Methionine sulfoximine,C03510,HMDB0029430,True,Methionine sulfoximine
C02704_Methyl sulfate,C02704,,True,Methyl sulfate
C02294_Methylguanidine,C02294,HMDB0001522,True,Methylguanidine
C00879_Mucate,C00879,HMDB0000639,True,Mucate
C06470_Muramate,C06470,HMDB0003254,True,Muramate
C08311_Muscimol,C08311,,True,Muscimol
C01073_N-Acetyl-beta-alanine,C01073,HMDB0061880,True,N-Acetyl-beta-alanine
C01042_N-Acetylaspartate,C01042,HMDB0000812,True,N-Acetylaspartate
C00140_N-Acetylglucosamine,C00140,HMDB0000215,True,N-Acetylglucosamine
C04501_N-Acetylglucosamine 1-phosphate,C04501,HMDB0001367,False,N-Acetylglucosamine 1-phosphate
C00357_N-Acetylglucosamine 6-phosphate,C00357,HMDB0002817,True,N-Acetylglucosamine 6-phosphate
C01239_N-Acetylglucosylamine,C01239,HMDB0001104,True,N-Acetylglucosylamine
C00624_N-Acetylglutamate,C00624,HMDB0001138,True,N-Acetylglutamate
C02997_N-Acetylhistidine,C02997,HMDB0032055,True,N-Acetylhistidine
C02710_N-Acetylleucine,C02710,HMDB0011756,True,N-Acetylleucine
C02712_N-Acetylmethionine,C02712,HMDB0011745,True,N-Acetylmethionine
C02713_N-Acetylmuramate,C02713,HMDB0060493,True,N-Acetylmuramate
C00270_N-Acetylneuraminate,C00270,,True,N-Acetylneuraminate
C00437_N-Acetylornithine,C00437,HMDB0003357,True,N-Acetylornithine
C03519_N-Acetylphenylalanine,C03519,HMDB0000512,True,N-Acetylphenylalanine
C02714_N-Acetylputrescine,C02714,HMDB0002064,True,N-Acetylputrescine
-_N-Acetylvaline,,HMDB0011757,True,N-Acetylvaline
C01670_N-alpha-Benzenolarginine ethylester,C01670,,True,N-alpha-Benzenolarginine ethylester
"C04259_N-alpha,N-alpha-Dimethylhistidine",C04259,,True,"N-alpha,N-alpha-Dimethylhistidine"
-_n-Butyl a-Picolinate,,,True,n-Butyl a-Picolinate
C05829_N-Carbamylglutamate,C05829,HMDB0015673,True,N-Carbamylglutamate
C02727_N-epsilon-Acetyllysine,C02727,HMDB0000206,True,N-epsilon-Acetyllysine
C01044_N-Formylaspartate,C01044,HMDB0060495,True,N-Formylaspartate
C03145_N-Formylmethionine,C03145,HMDB0001015,True,N-Formylmethionine
C01047_N-gamma-Ethylglutamine,C01047,HMDB0034365,True,N-gamma-Ethylglutamine
C02721_N-Methylalanine,C02721,HMDB0094692,True,N-Methylalanine
C02299_N-Methylaniline,C02299,,True,N-Methylaniline
C01046_N-Methylglutamate,C01046,HMDB0062660,True,N-Methylglutamate
C06213_N-omega-Methyltryptamine,C06213,HMDB0004370,True,N-omega-Methyltryptamine
"C01026_N,N-Dimethylglycine",C01026,HMDB0000092,True,"N,N-Dimethylglycine"
C00612_N1-Acetylspermidine,C00612,HMDB0001276,True,N1-Acetylspermidine
C02567_N1-Acetylspermine,C02567,HMDB0001186,False,N1-Acetylspermine
C02567_N1-Acetylspermine_div,C02567,HMDB0001186,False,N1-Acetylspermine
"C03413_N1,N12-Diacetylspermine",C03413,HMDB0002172,True,"N1,N12-Diacetylspermine"
"-_N1,N8-Diacetylspermidine",,HMDB0041947,True,"N1,N8-Diacetylspermidine"
C03795_N6-Methyl-2'-deoxyadenosine,C03795,,True,N6-Methyl-2'-deoxyadenosine
"C03793_N6,N6,N6-Trimethyllysine",C03793,HMDB0001325,True,"N6,N6,N6-Trimethyllysine"
C01029_N8-Acetylspermidine,C01029,HMDB0002189,True,N8-Acetylspermidine
C00003_NAD+,C00003,HMDB0000902,False,NAD+
C00004_NADH,C00004,HMDB0000902,False,NADH
C00006_NADP+,C00006,HMDB0000217,False,NADP+
C00005_NADPH,C00005,HMDB0000217,False,NADPH
C00153_Nicotinamide,C00153,HMDB0001406,True,Nicotinamide
C00253_Nicotinate,C00253,HMDB0001488,True,Nicotinate
C00745_Nicotine,C00745,HMDB0001934,True,Nicotine
C00455_NMN,C00455,HMDB0000229,True,NMN
C00547_Noradrenaline,C00547,HMDB0000216,True,Noradrenaline
C06524_Nornicotine,C06524,HMDB0001126,True,Nornicotine
C02571_o-Acetylcarnitine,C02571,HMDB0000201,True,o-Acetylcarnitine
C00979_O-Acetylserine,C00979,HMDB0003011,True,O-Acetylserine
C01772_o-Coumarate,C01772,HMDB0002641,True,o-Coumarate
C00805_o-Hydroxybenzoate,C00805,HMDB0001895,True,o-Hydroxybenzoate
C07588_o-Hydroxyhippurate,C07588,HMDB0000840,True,o-Hydroxyhippurate
C01005_O-Phosphoserine,C01005,HMDB0000272,True,O-Phosphoserine
C01118_o-Succinylhomoserine,C01118,,True,o-Succinylhomoserine
C06423_Octanoate,C06423,HMDB0000482,True,Octanoate
C04137_Octopine,C04137,,True,Octopine
C01740_Octylamine,C01740,,True,Octylamine
-_Ophthalmate,C21016,HMDB0005765,True,Ophthalmate
C00077_Ornithine,C00077,HMDB0000214,True,Ornithine
C00295_Orotate,C00295,HMDB0000226,True,Orotate
C01103_Orotidine 5'-monophosphate,C01103,HMDB0000218,True,Orotidine 5'-monophosphate
C00568_p-Aminobenzoate,C00568,HMDB0001392,True,p-Aminobenzoate
C00811_p-Coumarate,C00811,HMDB0002035,True,p-Coumarate
C00156_p-Hydroxybenzoate,C00156,HMDB0000500,True,p-Hydroxybenzoate
C00642_p-Hydroxyphenylacetate,C00642,HMDB0000020,True,p-Hydroxyphenylacetate
"C01260_P1, P4-Di(adenosine-5') tetraphosphate",C01260,,True,"P1, P4-Di(adenosine-5') tetraphosphate"
C00864_Pantothenate,C00864,HMDB0000210,True,Pantothenate
C01601_Pelargonate,C01601,HMDB0000847,True,Pelargonate
C00803_Pentanoate,C00803,HMDB0000892,True,Pentanoate
C00074_PEP,C00074,HMDB0000263,True,PEP
C00079_Phe,C00079,HMDB0000159,True,Phe
-_Phe-Phe,,HMDB0013302,True,Phe-Phe
C05598_Phenaceturate,C05598,HMDB0000821,True,Phenaceturate
C05332_Phenethylamine,C05332,HMDB0012275,True,Phenethylamine
C02734_Phenyl phosphate,C02734,,True,Phenyl phosphate
C02735_Phenylethanolamine,C02735,HMDB0001065,True,Phenylethanolamine
C00166_Phenylpyruvate,C00166,HMDB0000205,True,Phenylpyruvate
C05682_Phosphonoacetate,C05682,HMDB0004110,True,Phosphonoacetate
C00588_Phosphorylcholine,C00588,HMDB0001565,True,Phosphorylcholine
C01606_Phthalate,C01606,HMDB0002107,True,Phthalate
C01204_Phytate,C01204,HMDB0003502,True,Phytate
C01950_Picolinamide,C01950,,True,Picolinamide
C02656_Pimelate,C02656,HMDB0000857,True,Pimelate
C00408_Pipecolate,C00408,HMDB0000070,True,Pipecolate
C00931_Porphobilinogen,C00931,HMDB0000245,True,Porphobilinogen
C00148_Pro,C00148,HMDB0000162,True,Pro
C10172_Proline betaine,C10172,HMDB0004827,True,Proline betaine
C00163_Propionate,C00163,HMDB0000237,True,Propionate
C00584_Prostaglandin E2,C00584,HMDB0001220,True,Prostaglandin E2
C00639_Prostaglandin F2alpha,C00639,HMDB0001139,True,Prostaglandin F2alpha
C00119_PRPP,C00119,HMDB0000280,True,PRPP
C10865_Pseudopelletierine,C10865,HMDB0034580,True,Pseudopelletierine
C00715_Pterin,C00715,HMDB0000802,True,Pterin
C15587_Purine,C15587,HMDB0001366,True,Purine
C01736_Purine riboside,C01736,HMDB0029956,True,Purine riboside
"C00134_Putrescine(1,4-Butanediamine)",C00134,HMDB0001414,False,"Putrescine(1,4-Butanediamine)"
C00481_Pyrazole,C00481,,True,Pyrazole
C00250_Pyridoxal,C00250,HMDB0001545,True,Pyridoxal
C00534_Pyridoxamine,C00534,HMDB0001431,True,Pyridoxamine
C00647_Pyridoxamine 5'-phosphate,C00647,HMDB0001555,True,Pyridoxamine 5'-phosphate
C00314_Pyridoxine,C00314,HMDB0000239,True,Pyridoxine
C05942_Pyrrole-2-carboxylate,C05942,HMDB0004230,True,Pyrrole-2-carboxylate
C00022_Pyruvate,C00022,HMDB0000243,True,Pyruvate
C00296_Quinate,C00296,HMDB0003072,True,Quinate
C00117_R5P,C00117,HMDB0001548,True,R5P
C00255_Riboflavin,C00255,HMDB0000244,True,Riboflavin
"C01182_Ribulose 1,5-diphosphate",C01182,,True,"Ribulose 1,5-diphosphate"
C00199_Ru5P,C00199,HMDB0000618,True,Ru5P
C03451_S-Lactoylglutathione,C03451,HMDB0001066,True,S-Lactoylglutathione
C03172_S-Methylmethionine,C03172,HMDB0038670,True,S-Methylmethionine
C05382_S7P,C05382,HMDB0001068,True,S7P
C00818_Saccharate,C00818,HMDB0000663,True,Saccharate
C00449_Saccharopine,C00449,HMDB0000279,True,Saccharopine
C00021_SAH,C00021,HMDB0000939,True,SAH
C00019_SAM+,C00019,HMDB0001185,True,SAM+
C00213_Sarcosine,C00213,HMDB0000271,True,Sarcosine
-_SDMA,,HMDB0003334,True,SDMA
C08277_Sebacate,C08277,HMDB0000792,True,Sebacate
C00835_Sepiapterin,C00835,HMDB0000238,True,Sepiapterin
C00065_Ser,C00065,HMDB0000187,True,Ser
C02703_Serine O-sulfate,C02703,,True,Serine O-sulfate
C00780_Serotonin,C00780,HMDB0000259,True,Serotonin
C00493_Shikimate,C00493,HMDB0003070,True,Shikimate
C00482_Sinapate,C00482,HMDB0032616,True,Sinapate
C01096_Sorbitol 6-phosphate,C01096,HMDB0005831,False,Sorbitol 6-phosphate
C00315_Spermidine,C00315,HMDB0001257,True,Spermidine
C00750_Spermine,C00750,HMDB0001256,True,Spermine
C00042_Succinate,C00042,HMDB0000254,True,Succinate
C00091_Succinyl CoA,C00091,HMDB0001022,True,Succinyl CoA
C04548_Synephrine,C04548,HMDB0004826,True,Synephrine
C10833_Syringate,C10833,HMDB0002085,True,Syringate
C00898_Tartrate,C00898,HMDB0000956,True,Tartrate
C00245_Taurine,C00245,HMDB0000251,True,Taurine
C05122_Taurocholate,C05122,HMDB0000036,True,Taurocholate
C01959_Taurocyamine,C01959,HMDB0003584,True,Taurocyamine
C00842_TDP-glucose,C00842,HMDB0001328,True,TDP-glucose
C06337_Terephthalate,C06337,HMDB0061917,True,Terephthalate
C02890_Tetrahydropalmatine,C02890,,True,Tetrahydropalmatine
C00378_Thiamine,C00378,HMDB0000235,True,Thiamine
C01081_Thiamine monophosphate,C01081,HMDB0002666,True,Thiamine monophosphate
C00188_Thr,C00188,HMDB0000167,True,Thr
C03618_threo-beta-methylaspartate,C03618,,True,threo-beta-methylaspartate
C01620_Threonate,C01620,HMDB0000943,True,Threonate
C00214_Thymidine,C00214,HMDB0000273,True,Thymidine
C00178_Thymine,C00178,HMDB0000262,True,Thymine
C08279_Tiglate,C08279,HMDB0001470,True,Tiglate
C01494_trans-4-Hydroxy-3-methoxycinnamate,C01494,HMDB0000954,True,trans-4-Hydroxy-3-methoxycinnamate
C02341_trans-Aconitate,C02341,HMDB0000958,True,trans-Aconitate
C00423_trans-Cinnamate,C00423,,True,trans-Cinnamate
C00371_trans-Zeatin,C00371,HMDB0012204,True,trans-Zeatin
C00689_Trehalose 6-phosphate,C00689,HMDB0001124,True,Trehalose 6-phosphate
C03958_TRH,C03958,HMDB0060080,True,TRH
C07166_Trientine,C07166,,True,Trientine
C01004_Trigonelline,C01004,HMDB0000875,True,Trigonelline
C00565_Trimethylamine,C00565,HMDB0000906,True,Trimethylamine
C01104_Trimethylamine N-oxide,C01104,HMDB0000925,True,Trimethylamine N-oxide
C01008_Trimethylsulfonium,C01008,HMDB0012295,True,Trimethylsulfonium
C00729_Tropine,C00729,METPA0074,True,Tropine
C00783_Tropinone,C00783,METPA0078,True,Tropinone
C00078_Trp,C00078,HMDB0000929,True,Trp
C00398_Tryptamine,C00398,HMDB0000303,True,Tryptamine
C00082_Tyr,C00082,HMDB0000158,True,Tyr
C00483_Tyramine,C00483,HMDB0000306,True,Tyramine
C03404_Tyrosine methyl ester,C03404,HMDB0029217,True,Tyrosine methyl ester
C00015_UDP,C00015,HMDB0000295,True,UDP
C00029_UDP-glucose,C00029,HMDB0000286,True,UDP-glucose
C00167_UDP-glucuronate,C00167,HMDB0000935,True,UDP-glucuronate
C00043_UDP-N-acetylglucosamine,C00043,HMDB0000290,True,UDP-N-acetylglucosamine
C00105_UMP,C00105,HMDB0000288,True,UMP
C17715_Undecanoate,C17715,HMDB0000947,True,Undecanoate
C00106_Uracil,C00106,HMDB0000300,True,Uracil
C00366_Urate,C00366,HMDB0000289,True,Urate
C00086_Urea,C00086,HMDB0000294,True,Urea
C00299_Uridine,C00299,HMDB0000296,True,Uridine
C00785_Urocanate,C00785,HMDB0000301,True,Urocanate
C00075_UTP,C00075,HMDB0000285,True,UTP
C00183_Val,C00183,HMDB0000883,True,Val
C00385_Xanthine,C00385,HMDB0000292,True,Xanthine
-_Xanthopterin,,,True,Xanthopterin
C01762_Xanthosine,C01762,HMDB0000299,True,Xanthosine
C02470_Xanthurenate,C02470,HMDB0000881,True,Xanthurenate
C00655_XMP,C00655,HMDB0001554,True,XMP
C00700_XTP,C00700,HMDB0000293,True,XTP
